frame.number,frame.time_relative,wlan.ta,wlan.ra
15807,199.165676000,00:00:00:00:00:12,00:00:00:00:00:08
15822,199.226087000,00:00:00:00:00:12,00:00:00:00:00:08
