frame.number,frame.time_relative,wlan.ta,wlan.ra
9449,138.703658000,00:00:00:00:00:01,00:00:00:00:00:08
9464,138.725413000,00:00:00:00:00:01,00:00:00:00:00:08
