frame.number,frame.time_relative,wlan.ta,wlan.ra
5740,138.672198000,00:00:00:00:00:01,00:00:00:00:00:08
5757,138.693954000,00:00:00:00:00:01,00:00:00:00:00:08
5874,138.867070000,00:00:00:00:00:06,00:00:00:00:00:08
