frame.number,frame.time_relative,wlan.ta,wlan.ra
16626,199.165677000,00:00:00:00:00:12,00:00:00:00:00:08
16641,199.226088000,00:00:00:00:00:12,00:00:00:00:00:08
