frame.number,frame.time_relative,wlan.ta,wlan.ra
19472,199.164884000,00:00:00:00:00:12,00:00:00:00:00:08
19495,199.225296000,00:00:00:00:00:12,00:00:00:00:00:08
