frame.number,frame.time_relative,wlan.ta,wlan.ra
67055,280.785248000,00:00:00:00:00:21,00:00:00:00:00:08
67060,280.803156000,00:00:00:00:00:21,00:00:00:00:00:08
