frame.number,frame.time_relative,wlan.ta,wlan.ra
19032,199.163835000,00:00:00:00:00:12,00:00:00:00:00:08
19055,199.224246000,00:00:00:00:00:12,00:00:00:00:00:08
