frame.number,frame.time_relative,wlan.ta,wlan.ra
45490,377.663312000,00:00:00:00:00:0b,00:00:00:00:00:08
46049,380.737760000,00:00:00:00:00:10,00:00:00:00:00:08
