frame.number,frame.time_relative,wlan.ta,wlan.ra
51280,378.882172000,00:00:00:00:00:21,00:00:00:00:00:08
51286,378.907433000,00:00:00:00:00:21,00:00:00:00:00:08
51287,378.908730000,00:00:00:00:00:21,00:00:00:00:00:08
