frame.number,frame.time_relative,wlan.ta,wlan.ra
15695,138.703658000,00:00:00:00:00:01,00:00:00:00:00:08
15710,138.725414000,00:00:00:00:00:01,00:00:00:00:00:08
