frame.number,frame.time_relative,wlan.ta,wlan.ra
68695,401.751434000,00:00:00:00:00:08,00:00:00:00:00:21
69552,406.196461000,00:00:00:00:00:08,00:00:00:00:00:1f
