frame.number,frame.time_relative,wlan.ta,wlan.ra
25002,200.026007000,00:00:00:00:00:08,00:00:00:00:00:12
25015,200.032224000,00:00:00:00:00:08,00:00:00:00:00:12
25082,200.169741000,00:00:00:00:00:08,00:00:00:00:00:12
