frame.number,frame.time_relative,wlan.ta,wlan.ra
24739,199.196928000,00:00:00:00:00:12,00:00:00:00:00:08
24760,199.257339000,00:00:00:00:00:12,00:00:00:00:00:08
