frame.number,frame.time_relative,wlan.ta,wlan.ra
6488,138.668895000,00:00:00:00:00:01,00:00:00:00:00:08
6505,138.690651000,00:00:00:00:00:01,00:00:00:00:00:08
6621,138.863559000,00:00:00:00:00:06,00:00:00:00:00:08
