frame.number,frame.time_relative,ip.src,ip.dst
13,0.508039000,,
55,1.458330000,,
2268,122.457826000,,
4451,243.468379000,,
4460,243.668798000,,
8966,484.457535000,,
8972,484.460878000,,
