frame.number,frame.time_relative,ip.src,ip.dst
37,0.501328000,,
53,0.563205000,,
2245,121.454724000,,
4795,256.456189000,,
6984,377.454049000,,
