frame.number,frame.time_relative,ip.src,ip.dst
13,0.515873000,,
28,0.595579000,,
2259,121.468350000,,
4532,242.471272000,,
7785,421.467373000,,
